"Player","exp"
"Dee Alford","1"
"Genard Avery","5"
"C.J. Avery","0"
"Anthony Averett","5"
"Denico Autry","9"
"Kevin Austin Jr.","0"
"Calvin Austin III","0"
"Tavon Austin","10"
"Antony Auclair","6"
"Tutu Atwell","2"
"Jeremiah Attaochu","9"
"Kevin Atkins","0"
"Devin Asiasi","3"
"Brian Asamoah","0"
"Grayland Arnold","2"
"Dan Arnold","6"
"Dorance Armstrong","5"
"Cornell Armstrong","4"
"Terron Armstead","10"
"Ryquell Armstead","3"
"Arik Armstead","8"
"Jalyn Armour-Davis","0"
"Alex Armah","6"
"A.J. Arcuri","0"
"Daniel Archibong","1"
"J.J. Arcega-Whiteside","4"
"Matt Araiza","0"
"Troy Apke","5"
"Alex Anzalone","6"
"Israel Antwine","0"
"Andre Anthony","0"
"Eli Ankou","6"
"Bryan Anger","11"
"David Anenih","0"
"Mark Andrews","5"
"Josh Andrews","7"
"David Andrews","8"
"Zayne Anderson","1"
"Tycen Anderson","0"
"Stephen Anderson","5"
"Ryder Anderson","0"
"Robbie Anderson","7"
"Jack Anderson","2"
"Henry Anderson","8"
"Darius Anderson","1"
"Calvin Anderson","4"
"Alec Anderson","0"
"Troy Andersen","0"
"Tremayne Anchrum","3"
"Adrian Amos","8"
"Matt Ammendola","2"
"Danny Amendola","14"
"Ugo Amadi","4"
"Auzoyah Alufohai","1"
"Tyson Alualu","13"
"Azeez Al-Shaair","4"
"Geronimo Allison","5"
"Tyler Allgeier","0"
"Zach Allen","4"
"Marcus Allen","4"
"Kyle Allen","4"
"Keenan Allen","10"
"Josh Allen","5"
"Josh Allen","4"
"Devon Allen","0"
"Dakota Allen","4"
"Christopher Allen","0"
"Brian Allen","5"
"Brandon Allen","6"
"Nick Allegretti","4"
"Mo Alie-Cox","5"
"Robert Alford","10"
"Mackensie Alexander","7"
"Kwon Alexander","8"
"Jon Alexander","0"
"Jaylan Alexander","0"
"Jaire Alexander","5"
"Deontez Alexander","1"
"Christian Albright","0"
"Isaac Alarcon","1"
"Otaro Alaka","4"
"Jordan Akins","5"
"Landen Akers","1"
"Cam Akers","2"
"Brandon Aiyuk","3"
"Salvon Ahmed","3"
"Jamal Agnew","6"
"McTelvin Agim","3"
"Nelson Agholor","8"
"Cal Adomitis","0"
"Ola Adeniyi","5"
"Hakeem Adeniji","3"
"Paulson Adebo","2"
"Mario Addison","12"
"Nasir Adderley","4"
"Jahleel Addae","10"
"Will Adams","0"
"Tyrell Adams","6"
"Tony Adams","0"
"Rodney Adams","2"
"Montravius Adams","6"
"Matthew Adams","5"
"Jamal Adams","5"
"Davante Adams","9"
"Andrew Adams","7"
"Johnathan Abram","4"
"Oday Aboushi","10"
"Ameer Abdullah","8"
"Damiere Byrd","7"
"Camryn Bynum","2"
"Josh Bynes","11"
"Akial Byers","0"
"Kevin Byard","7"
"Vernon Butler","7"
"Percy Butler","0"
"Matthew Butler","0"
"Malcolm Butler","8"
"Darien Butler","0"
"Adam Butler","6"
"Harrison Butker","6"
"Devin Bush","4"
"Deon Bush","7"
"Michael Burton","8"
"Joe Burrow","3"
"Juston Burris","7"
"Ben Burr-Kirven","4"
"Artie Burns","7"
"Brian Burns","4"
"Treylon Burks","0"
"Oren Burks","5"
"Rex Burkhead","10"
"Terrell Burgess","3"
"Spencer Burford","0"
"Ian Bunting","1"
"Randy Bullock","11"
"Bryan Bulaga","13"
"Shane Buechele","2"
"DeForest Buckner","7"
"Myles Bryant","3"
"Austin Bryant","4"
"Hunter Bryant","2"
"Harrison Bryant","3"
"Coby Bryant","0"
"Brandin Bryant","1"
"Big Kat Bryant","0"
"Taven Bryan","5"
"T.J. Brunson","3"
"Daniel Brunskill","4"
"Earnest Brown IV","1"
"Jake Browning","1"
"Baron Browning","2"
"Bobby Brown III","2"
"Trent Brown","8"
"Tre Brown","2"
"Tony Brown","4"
"Spencer Brown","1"
"Spencer Brown","2"
"Pharaoh Brown","5"
"Orlando Brown","5"
"Noah Brown","6"
"Montaric Brown","0"
"Mike Brown","0"
"Malcom Brown","8"
"Malcolm Brown","7"
"Leddie Brown","0"
"Kyron Brown","3"
"Kameron Brown","0"
"Jayon Brown","6"
"Evan Brown","4"
"A.J. Brown","4"
"Jordan Brown","1"
"Marquise Brown","4"
"Dyami Brown","2"
"Duane Brown","15"
"Derrick Brown","3"
"Deonte Brown","2"
"Cameron Brown","3"
"Brittain Brown","0"
"Ben Brown","0"
"Anthony Brown","7"
"Anthony Brown","0"
"Andrew Brown","3"
"Cortez Broughton","3"
"Antoine Brooks Jr.","3"
"Terrence Brooks","9"
"Nate Brooks","1"
"Kennedy Brooks","0"
"Jordyn Brooks","3"
"Ellis Brooks","0"
"Curtis Brooks","0"
"Brandon Brooks","11"
"Josiah Bronson","2"
"Michael Brockers","11"
"K.J. Britt","2"
"Justin Britt","7"
"Jacoby Brissett","7"
"Jaquan Brisker","0"
"Beau Brinkley","10"
"Teddy Bridgewater","9"
"Shemar Bridges","0"
"Caliph Brice","0"
"C.J. Brewer","0"
"Lloyd Cushenberry","3"
"Vinny Curry","11"
"Kamren Curl","3"
"Jake Curhan","2"
"Zach Cunningham","6"
"Myron Cunningham","0"
"Korey Cunningham","5"
"Dane Cruikshank","5"
"Tae Crowder","3"
"Keion Crossen","5"
"Nick Cross","0"
"De'Vante Cross","0"
"Charles Cross","0"
"Tyrell Crosby","5"
"Maxx Crosby","4"
"Mason Crosby","16"
"Jason Croom","4"
"Coy Cronk","1"
"Damarea Crockett","2"
"Ken Crawley","7"
"Xavier Crawford","3"
"Kekoa Crawford","0"
"Jack Crawford","11"
"Aaron Crawford","2"
"River Cracraft","4"
"Tyler Coyle","1"
"Morgan Cox","13"
"Jabril Cox","2"
"Bryan Cox","5"
"Byron Cowart","4"
"Rashaad Coward","5"
"Christian Covington","8"
"Britain Covey","0"
"Keke Coutee","4"
"Kirk Cousins","11"
"Isaiah Coulter","2"
"Carter Coughlin","3"
"Nathan Cottrell","2"
"Lester Cotton","1"
"Jeff Cotton","1"
"Sam Cosmi","2"
"Bryce Cosby","0"
"Matt Corral","0"
"Jashon Cornell","3"
"Yusuf Corker","0"
"Cody Core","6"
"Jashaun Corbin","0"
"Austin Corbett","5"
"Marquise Copeland","2"
"Brandon Copeland","8"
"Sam Cooper","1"
"Jonathon Cooper","2"
"Chris Cooper","1"
"Nolan Cooney","1"
"Brandin Cooks","9"
"Logan Cooke","5"
"Jared Cook","14"
"Dylan Cook","0"
"Dalvin Cook","6"
"Bryan Cook","0"
"Cody Conway","2"
"Tanner Conner","0"
"Snoop Conner","0"
"James Conner","6"
"Ryan Connelly","4"
"Chris Conley","8"
"Tyler Conklin","5"
"Jack Conklin","7"
"Tom Compton","10"
"John Cominsky","4"
"Dustin Colquitt","18"
"Trystan Colon-Castillo","3"
"Zaven Collins","2"
"Nico Collins","2"
"Maliek Collins","7"
"Landon Collins","8"
"La'el Collins","8"
"Jamie Collins","10"
"Aviante Collins","4"
"Alex Collins","5"
"Trevon Coley","6"
"Tevin Coleman","8"
"Shon Coleman","5"
"Larnel Coleman","2"
"Justin Coleman","8"
"Corey Coleman","5"
"L.J. Collier","4"
"Matt Cole","1"
"Mason Cole","5"
"Keelan Cole","6"
"Dylan Cole","6"
"Tarik Cohen","6"
"Jack Coco","0"
"Ross Cockrell","9"
"Jack Cochrane","0"
"Devin Cochran","0"
"Randall Cobb","12"
"Omari Cobb","1"
"Jack Coan","0"
"Jadeveon Clowney","9"
"Kameron Cline","1"
"Tyrie Cleveland","3"
"Ben Cleveland","2"
"Rodney Clemons","1"
"Micheal Clemons","0"
"Corey Clement","6"
"Chase Claypool","3"
"Chris Claybrooks","3"
"Ty Clary","0"
"Cameron Clarke","3"
"Tyler Clark","1"
"Trevon Clark","0"
"Le'Raven Clark","7"
"Kenny Clark","7"
"Frank Clark","8"
"Chuck Clark","6"
"Will Clapp","5"
"Andre Cisco","2"
"Lewis Cine","0"
"Nick Chubb","5"
"Bradley Chubb","5"
"Demarcus Christmas","2"
"Cole Christiansen","1"
"Marqui Christian","6"
"Geron Christian","5"
"Brady Christensen","2"
"Jeremy Chinn","3"
"Julius Chestnut","0"
"Anthony Chesley","2"
"Leo Chenal","0"
"Camaron Cheeseman","2"
"Ja'Marr Chase","2"
"Taco Charlton","6"
"Joseph Charlton","3"
"Saahdiq Charles","3"
"Irvin Charles","0"
"Ty Chandler","0"
"K'Lavon Chaisson","3"
"Andre Chachere","2"
"Sean Chandler","5"
"Tariq Castro-Fields","0"
"Blake Cashman","4"
"Zachary Carter","0"
"Michael Carter II","2"
"Tory Carter","2"
"T.J. Carter","0"
"Shyheim Carter","1"
"Ron'Dell Carter","2"
"Roger Carter","0"
"Michael Carter","2"
"Lorenzo Carter","5"
"Jermaine Carter","5"
"Ja'Tyre Carter","0"
"Jamal Carter","4"
"DeAndre Carter","5"
"Cethan Carter","6"
"Amari Carter","0"
"Chris Carson","6"
"Derek Carrier","10"
"T.J. Carrie","9"
"Derek Carr","9"
"Tariq Carpenter","0"
"James Carpenter","12"
"Jackson Carman","2"
"Daniel Carlson","5"
"Joe Cardona","8"
"Jacob Capra","1"
"Alex Cappa","5"
"Dylan Cantrell","3"
"Trenton Cannon","5"
"Marcus Cannon","11"
"A.J. Cann","8"
"Maurice Canady","6"
"Tyson Campbell","2"
"Elijah Campbell","2"
"Parris Campbell","4"
"De'Vondre Campbell","7"
"Chance Campbell","0"
"Calais Campbell","15"
"Jalen Camp","1"
"Jake Camarda","0"
"Marquez Callaway","3"
"Bryce Callahan","8"
"Mike Caliendo","0"
"Shilique Calhoun","6"
"Shaq Calhoun","2"
"Grant Calcaterra","0"
"Raymond Calais","3"
"Yodny Cajuste","3"
"Deon Cain","3"
"Lawrence Cager","2"
"Cohl Cabral","1"
"Jason Cabinda","4"
"Nick Dzubnar","8"
"Troy Dye","3"
"Michael Dwumfour","1"
"Ross Dwelley","5"
"Devin Duvernay","3"
"Yasir Durant","3"
"Mataeo Durant","0"
"Decobie Durant","0"
"Bud Dupree","8"
"Michael Dunn","3"
"Isaiah Dunn","2"
"Carlos Dunlap","13"
"William Dunkle","0"
"Ashton Dulin","4"
"Greg Dulcich","0"
"Kyle Dugger","3"
"Dontario Drummond","0"
"Jeff Driskel","7"
"Jack Driscoll","3"
"Josh Drayden","0"
"Kenyan Drake","7"
"Dakota Dozier","9"
"Tommy Doyle","2"
"Sage Doxtater","0"
"Rico Dowdle","3"
"Rasul Douglas","6"
"Romeo Doubs","0"
"Kevin Dotson","3"
"Jahan Dotson","0"
"Greg Dortch","2"
"Khalil Dorsey","3"
"Phillip Dorsett","8"
"Myles Dorn","3"
"Aaron Donkor","1"
"Aaron Donald","9"
"JoJo Domann","0"
"Michael Dogbe","3"
"Tyrel Dodson","3"
"Joshua Dobbs","6"
"J.K. Dobbins","3"
"Gerrid Doaks","1"
"Riley Dixon","7"
"Jake Dixon","0"
"De'Shaan Dixon","0"
"Dai'Jean Dixon","0"
"Will Dissly","5"
"Ben DiNucci","2"
"Brandon Dillon","1"
"AJ Dillon","3"
"Andre Dillard","4"
"Christian DiLauro","1"
"Trevon Diggs","3"
"Stefon Diggs","8"
"Quandre Diggs","8"
"Gehrig Dieter","2"
"Kellen Diesch","0"
"Michael Dickson","5"
"Matt Dickerson","4"
"Landon Dickerson","2"
"Cameron Dicker","0"
"Micah Dew-Treadway","0"
"Drew Desjarlais","1"
"Pierre Desir","9"
"Darqueze Dennard","8"
"Kuony Deng","0"
"Trevor Denbow","0"
"Jamil Demby","3"
"Grant Delpit","3"
"Dee Delaney","2"
"Jean Delance","0"
"Michael Deiter","4"
"Josiah Deguara","3"
"Derrick Deese Jr.","0"
"DeVonte Dedmon","1"
"Taylor Decker","7"
"Donte' Deayon","5"
"Dawson Deaton","0"
"Jamel Dean","4"
"Divine Deablo","2"
"Sheldon Day","7"
"Noah Dawkins","2"
"Dion Dawkins","6"
"Tyrion Davis-Price","0"
"Tyeler Davison","8"
"Wyatt Davis","2"
"Tyler Davis","3"
"Shawn Davis","1"
"Shabari Davis","0"
"Raekwon Davis","3"
"Quartney Davis","2"
"Tae Davis","5"
"Mike Davis","8"
"Michael Davis","6"
"Malik Davis","0"
"Khalil Davis","3"
"Kaden Davis","0"
"Jordan Davis","0"
"Jesse Davis","6"
"Javaris Davis","1"
"Jarrad Davis","6"
"Jamin Davis","2"
"Jalen Davis","3"
"Jamal Davis","1"
"Nate Davis","4"
"Gabriel Davis","3"
"Demario Davis","11"
"Davion Davis","2"
"Cortez Davis","0"
"Corey Davis","6"
"Carlton Davis","5"
"Carlos Davis","3"
"Carl Davis","8"
"Ashtyn Davis","3"
"Zach Davidson","1"
"Marlon Davidson","3"
"DJ Davidson","0"
"Lavonte David","11"
"Marcus Davenport","5"
"Julie'n Davenport","6"
"Christian Darrisaw","2"
"Sam Darnold","5"
"Jaelon Darden","2"
"Ronald Darby","8"
"Frank Darby","2"
"Abu Daramy-Swaray","0"
"Michael Danna","3"
"James Daniels","5"
"Darrell Daniels","6"
"Damion Daniels","0"
"Chase Daniel","14"
"Brandin Dandridge","1"
"Caesar Dancy-Williams","0"
"Jalen Dalton","3"
"Drew Dalman","2"
"Tae Daley","0"
"Dennis Daley","4"
"Dominique Dafney","2"
"Marcel Dabo","0"
"Jequez Ezzard","0"
"Erik Ezukanma","0"
"Joshua Ezeudu","0"
"Obinna Eze","0"
"Deshazor Everett","8"
"Rashaan Evans","5"
"Mike Evans","9"
"Justin Evans","5"
"Jordan Evans","6"
"Bobby Evans","4"
"Darrynton Evans","3"
"Darren Evans","0"
"Chris Evans","2"
"Akayleb Evans","0"
"Nick Eubanks","1"
"Danny Etling","1"
"Travis Etienne","2"
"Dorian Etheridge","2"
"Drew Estrada","0"
"D'Wayne Eskridge","2"
"Cameron Erving","8"
"Zach Ertz","10"
"Alex Erickson","7"
"Marcus Epps","4"
"A.J. Epenesa","3"
"Kabion Ento","2"
"Evan Engram","6"
"Kingsley Enagbare","0"
"James Empey","0"
"Prince Emili","0"
"Martin Emerson","0"
"Jermaine Eluemunor","6"
"Noah Elliss","0"
"Kaden Elliss","4"
"Christian Elliss","1"
"Justin Ellis","9"
"Jabari Ellis","0"
"Alex Ellis","3"
"Jordan Elliott","3"
"Jalen Elliott","2"
"Jake Elliott","6"
"Ezekiel Elliott","7"
"DeShon Elliott","5"
"Ben Ellefson","3"
"Pat Elflein","6"
"Jake Eldrenkamp","1"
"Corn Elder","6"
"Kaiir Elam","0"
"Ikem Ekwonu","0"
"Daniel Ekuale","4"
"Austin Ekeler","6"
"Duke Ejiofor","3"
"Dieter Eiselen","1"
"Greg Eiland","1"
"Liam Eichenberg","2"
"Sam Ehlinger","2"
"Sam Eguavoen","4"
"Emeke Egbule","3"
"Clyde Edwards-Helaire","3"
"T.J. Edwards","4"
"Mario Edwards","8"
"Gus Edwards","5"
"David Edwards","4"
"Mike Edwards","4"
"Bryan Edwards","3"
"Austin Edwards","1"
"Chuma Edoga","4"
"Trey Edmunds","4"
"Terrell Edmunds","5"
"Chase Edmonds","5"
"Tremaine Edmunds","5"
"Brandin Echols","2"
"Samson Ebukam","6"
"Eric Ebron","9"
"Trestan Ebner","0"
"Nate Ebner","11"
"Arnold Ebiketie","0"
"Dominik Eberle","1"
"Jacob Eason","3"
"Jerrion Ealy","0"
"Adrian Ealy","1"
"Troy Fumagalli","5"
"Kristian Fulton","3"
"Will Fuller","7"
"Trevon Fuller","0"
"Kyle Fuller","4"
"Kyle Fuller","9"
"Kendall Fuller","7"
"Jordan Fuller","3"
"Aaron Fuller","1"
"Travis Fulgham","3"
"Ty Fryfogle","0"
"Jake Fromm","3"
"Hjalte Froholdt","4"
"Will Fries","2"
"Wesley French","0"
"Maurice Ffrench","1"
"Pat Freiermuth","2"
"Royce Freeman","5"
"Devonta Freeman","9"
"Kavon Frazier","6"
"Jordan Franks","2"
"Feleipe Franks","2"
"John Franklin-Myers","5"
"Zaire Franklin","5"
"Sam Franklin","3"
"Benjie Franklin","0"
"Jacobi Francis","0"
"Tomon Fox","0"
"Morgan Fox","6"
"Jack Fox","3"
"Dante Fowler Jr.","8"
"Leonard Fournette","6"
"Daurice Fountain","4"
"Leki Fotu","3"
"Cole Fotheringham","0"
"Jody Fortson","2"
"Luke Fortner","0"
"L.J. Fort","8"
"Austin Fort","3"
"Stone Forsythe","2"
"Miller Forristall","1"
"Darrick Forrest","2"
"D'Onta Foreman","5"
"Rudy Ford","6"
"Poona Ford","5"
"Nick Ford","0"
"Mike Ford","5"
"Jonathan Ford","0"
"Jerome Ford","0"
"Isaiah Ford","5"
"Dee Ford","9"
"Cody Ford","4"
"Drew Forbes","3"
"Nick Foles","11"
"Leonard Floyd","7"
"Trey Flowers","8"
"Dallis Flowers","0"
"Cordale Flott","0"
"Tre Flowers","5"
"Thomas Fletcher","2"
"Cameron Fleming","9"
"Tayon Fleet-Davis","0"
"Demetrius Flannigan-Fowles","3"
"Joe Flacco","15"
"Ryan Fitzpatrick","18"
"Minkah Fitzpatrick","5"
"John FitzPatrick","0"
"Dez Fitzpatrick","2"
"Kylie Fitts","4"
"Tucker Fisk","0"
"Eric Fisher","10"
"Anthony Firkser","5"
"B.J. Finney","7"
"Chris Finke","1"
"Sharif Finch","3"
"Tony Fields II","2"
"Justin Fields","2"
"DaMarcus Fields","0"
"Sam Ficken","4"
"Clelin Ferrell","4"
"Ethan Fernea","0"
"Reid Ferguson","6"
"Parker Ferguson","2"
"Jaylon Ferguson","4"
"Jake Ferguson","0"
"Blake Ferguson","3"
"James Ferentz","6"
"Rashad Fenton","4"
"Demetric Felton","2"
"Jon Feliciano","8"
"Clayton Fejedelem","7"
"Matt Feiler","6"
"Simi Fehoko","2"
"Breiden Fehoko","2"
"Dan Feeney","6"
"Ali Fayad","0"
"Junior Faulk","0"
"Olakunle Fatukasi","0"
"Foley Fatukasi","5"
"Neil Farrell","0"
"Matt Farniok","2"
"Matthias Farley","7"
"Caleb Farley","2"
"Noah Fant","4"
"George Fant","7"
"Ka'imi Fairbairn","7"
"Diego Fagot","0"
"Brandon Facyson","5"
"Kyler Fackrell","7"
"Daniel Faalele","0"
"Jalen Guyton","3"
"Lawrence Guy","12"
"Sebastian Gutierrez","0"
"Porter Gustin","4"
"Vitaliy Gurman","0"
"Jeffrey Gunter","0"
"Grayson Gunter","0"
"Nick Guggemos","1"
"Jarrett Guarantano","0"
"Kamu Grugier-Hill","7"
"Yetur Gross-Matos","3"
"Rob Gronkowski","12"
"Jonas Griffith","2"
"Nakie Griffin-Stewart","1"
"Shaquill Griffin","6"
"Ryan Griffin","8"
"Ryan Griffin","10"
"Michael Griffin","0"
"Garrett Griffin","4"
"Everson Griffen","13"
"Will Grier","4"
"Randy Gregory","5"
"Nasir Greer","0"
"Dre Greenlaw","4"
"Ethan Greenidge","4"
"Mike Greene","0"
"Jonathan Greenard","3"
"T.J. Green","4"
"Seth Green","0"
"Rasheem Green","5"
"Kenyon Green","0"
"Kendrick Green","2"
"Gerri Green","1"
"Farrod Green","1"
"Chaz Green","5"
"Carson Green","1"
"Allie Green","0"
"A.J. Green","2"
"A.J. Green","12"
"Cyril Grayson","2"
"Noah Gray","2"
"J.T. Gray","5"
"Derwin Gray","2"
"Danny Gray","0"
"Hroniss Grasu","7"
"Richie Grant","2"
"Jakeem Grant","7"
"Kylen Granson","2"
"Carl Granderson","4"
"Isaiah Graham-Mobley","0"
"Thomas Graham Jr.","1"
"Ta'Quon Graham","2"
"Jimmy Graham","13"
"Jaeden Graham","4"
"Brandon Graham","13"
"Tay Gowan","2"
"Robbie Gould","18"
"Adam Gotsis","7"
"Matt Gotel","0"
"Colby Gossett","3"
"Derrick Gore","2"
"Melvin Gordon","8"
"Kyler Gordon","0"
"Josh Gordon","6"
"Anthony Gordon","1"
"Marquise Goodwin","9"
"C.J. Goodwin","7"
"Mario Goodrich","0"
"Denzelle Good","8"
"Cameron Goode","0"
"Zane Gonzalez","6"
"Matt Gono","4"
"Chauncey Golston","2"
"Kenny Golladay","6"
"Eddie Goldman","7"
"Markus Golden","8"
"Jared Goff","7"
"Dallas Goedert","5"
"Luke Goedeke","0"
"Terry Godwin","2"
"Chris Godwin","6"
"Davon Godchaux","6"
"Mark Glowinski","8"
"Mike Glennon","10"
"Jordan Glasgow","3"
"Graham Glasgow","7"
"Chris Glaser","0"
"Kevin Givens","3"
"Nolan Givan","0"
"Trevis Gipson","3"
"Tashaun Gipson","11"
"Stephon Gilmore","11"
"Shamarious Gilmore","0"
"Alohi Gilman","3"
"Reggie Gilliam","3"
"Nate Gilliam","1"
"Tyree Gillespie","2"
"Cullen Gillaspia","4"
"Jamie Gillan","4"
"Trenton Gill","0"
"Cam Gill","3"
"Blake Gillikin","3"
"Joe Giles-Harris","2"
"Zyon Gilbert","0"
"Ulysees Gilbert","4"
"Garrett Gilbert","4"
"Luke Gifford","4"
"Antonio Gibson","3"
"Jack Gibbens","0"
"William Gholston","10"
"Mike Gesicki","5"
"Jake Gervase","2"
"Kenneth George Jr.","0"
"Allan George","0"
"Zach Gentry","4"
"Tanner Gentry","1"
"Jeremiah Gemmel","0"
"Kaylon Geiger","0"
"Joe Gaziano","2"
"Willie Gay Jr.","3"
"Matt Gay","4"
"Nick Gates","5"
"Myles Gaskin","4"
"Rashan Gary","4"
"Jonathan Garvin","3"
"Myles Garrett","6"
"Haskell Garrett","0"
"Chris Garrett","2"
"Jimmy Garoppolo","9"
"Jonathan Garibay","0"
"Chauncey Gardner-Johnson","4"
"Ferrod Gardner","0"
"Don Gardner","0"
"Sauce Gardner","0"
"Dennis Gardeck","5"
"Max Garcia","8"
"Elijah Garcia","0"
"Chase Garbers","0"
"Graham Gano","13"
"Antonio Gandy-Golden","3"
"Michael Gallup","5"
"Wayne Gallman","6"
"Neville Gallimore","3"
"Tipa Galeai","2"
"Kenneth Gainwell","2"
"Innis Gaines","1"
"Greg Gaines","4"
"Lamont Gaillard","3"
"Russell Gage","5"
"Rico Gafford","2"
"Blaine Gabbert","12"
"Kerry Hyder","7"
"Micah Hyde","10"
"Carlos Hyde","9"
"Mitch Hyatt","3"
"Aidan Hutchinson","0"
"Sadarius Hutcherson","2"
"Jalen Hurts","3"
"Maurice Hurst","5"
"James Hurst","9"
"Allen Hurns","8"
"Tyler Huntley","3"
"Jason Huntley","2"
"Caleb Huntley","1"
"Ryan Hunter","1"
"Robert Hunt","3"
"Margus Hunt","10"
"Kareem Hunt","6"
"Brett Hundley","8"
"D.J. Humphries","8"
"Marlon Humphrey","6"
"Lil'Jordan Humphrey","3"
"Creed Humphrey","2"
"Jake Hummel","0"
"Charley Hughlett","8"
"Andrzej Hughes-Murray","0"
"JuJu Hughes","3"
"Jerry Hughes","13"
"Albert Huggins","2"
"Bryce Huff","3"
"Talanoa Hufanga","2"
"Tommy Hudson","2"
"Tanner Hudson","3"
"Rodney Hudson","12"
"Khaleke Hudson","3"
"James Hudson","2"
"Wyatt Hubert","1"
"Kevin Huber","14"
"Sam Hubbard","5"
"Jonathan Hubbard","1"
"Chuba Hubbard","2"
"Braxton Hoyett","1"
"Brian Hoyer","14"
"J.J. Howland","0"
"Hayden Howerton","0"
"Sam Howell","0"
"Xavien Howard","7"
"Tytus Howard","4"
"Travin Howard","4"
"O.J. Howard","6"
"Jordan Howard","7"
"DeAndre Houston-Carson","7"
"Justin Houston","12"
"James Houston","0"
"Phil Hoskins","2"
"Zander Horvath","0"
"Jesper Horsted","3"
"Timmy Horne","0"
"Jaycee Horn","2"
"Trey Hopkins","7"
"Dustin Hopkins","9"
"DeAndre Hopkins","9"
"Brycen Hopkins","3"
"Austin Hooper","7"
"Malik Hooker","6"
"Amani Hooker","4"
"Delonte Hood","0"
"Travis Homer","4"
"Elijah Holyfield","1"
"J.P. Holtz","4"
"Jalyn Holmes","5"
"Darnay Holmes","3"
"Christian Holmes","0"
"Ka'dar Hollman","3"
"Jacob Hollister","6"
"Cody Hollister","3"
"Mack Hollins","6"
"Jevon Holland","2"
"Cyrus Holder","0"
"Will Holden","3"
"Cole Holcomb","4"
"Kevin Hogan","4"
"Sterling Hofrichter","2"
"Brock Hoffman","0"
"Mike Hoecht","2"
"Isaiah Hodgins","2"
"Curtis Hodges","0"
"KhaDarel Hodge","5"
"Darius Hodge","2"
"Changa Hodge","0"
"Jared Hocker","1"
"T.J. Hockenson","4"
"Nate Hobbs","2"
"Kyle Hinton","1"
"Kendall Hinton","2"
"Christopher Hinton","0"
"Kurt Hinish","0"
"Anthony Hines III","1"
"Nyheim Hines","5"
"Chasen Hines","0"
"Mike Hilton","6"
"T.Y. Hilton","11"
"Justin Hilliard","2"
"Dontrell Hilliard","5"
"Tyreek Hill","7"
"Troy Hill","7"
"Trey Hill","2"
"Taysom Hill","6"
"Rashod Hill","7"
"Nijuel Hill","0"
"Kylin Hill","2"
"Justice Hill","4"
"Daxton Hill","0"
"B.J. Hill","5"
"Trysten Hill","4"
"John Hightower","2"
"Dont'a Hightower","10"
"Alex Highsmith","3"
"Tee Higgins","3"
"Rashard Higgins","7"
"Tyler Higbee","7"
"Jordan Hicks","8"
"Faion Hicks","0"
"Elijah Hicks","0"
"Clarence Hicks","0"
"Akiem Hicks","11"
"Cameron Heyward","12"
"Neville Hewitt","8"
"Jarrod Hewitt","1"
"Parker Hesse","2"
"Gavin Heslop","2"
"Jake Herslow","0"
"Justin Herron","3"
"Frank Herron","2"
"Malik Herring","1"
"Tre Herndon","5"
"Chris Herndon","5"
"Will Hernandez","5"
"Grant Hermanns","1"
"Nate Herbig","4"
"Khalil Herbert","2"
"Justin Herbert","3"
"Ra'Shaun Henry","0"
"Marcus Henry","2"
"Hunter Henry","7"
"Derrick Henry","7"
"Matt Henningsen","0"
"Thomas Hennigan","0"
"Thomas Hennessy","6"
"Matt Hennessy","3"
"Chad Henne","15"
"Trey Hendrickson","6"
"Trayvon Henderson","2"
"Darrell Henderson","4"
"C.J. Henderson","3"
"Peyton Hendershot","0"
"Daniel Helm","3"
"Taylor Heinicke","5"
"Jaivon Heiligh","0"
"Brett Heggie","1"
"Jack Heflin","2"
"Bruce Hector","3"
"Charlie Heck","3"
"Tommy Heatherly","0"
"Joel Heath","5"
"Jeff Heath","10"
"Damon Hazelton","1"
"Casey Hayward","11"
"Phil Haynes","4"
"Marquis Haynes","5"
"Marquis Hayes","0"
"Daelin Hayes","2"
"D.J. Hayden","9"
"Tayler Hawkins","0"
"Jerald Hawkins","6"
"Jaylinn Hawkins","3"
"Brad Hawkins","0"
"Rob Havenstein","8"
"Jake Hausmann","1"
"JaMycal Hasty","3"
"J.C. Hassenauer","3"
"Hassan Haskins","0"
"Dwayne Haskins","4"
"Pressley Harvin III","2"
"Willie Harvey","2"
"Kolby Harvell-Peel","0"
"Myles Hartsfield","3"
"Drew Hartlaub","0"
"Penny Hart","3"
"Bobby Hart","8"
"N'Keal Harry","4"
"Ronnie Harrison","5"
"Malik Harrison","3"
"Travell Harris","0"
"Tim Harris","2"
"Shelby Harris","8"
"De'Jon Harris","1"
"Nick Harris","3"
"Najee Harris","2"
"Marcell Harris","5"
"Kevin Harris","0"
"Jonathan Harris","2"
"Jacob Harris","2"
"Erik Harris","7"
"Deonte Harty","4"
"Demone Harris","3"
"De'Michael Harris","2"
"Demetrius Harris","9"
"Davontae Harris","5"
"Darius Harris","3"
"Clark Harris","14"
"Christian Harris","0"
"Chris Harris","12"
"Charles Harris","6"
"Anthony Harris","8"
"Damien Harris","4"
"Madre Harper","2"
"Felix Harper","0"
"Devin Harper","0"
"Kelvin Harmon","2"
"Duron Harmon","10"
"Sean Harlow","3"
"Mike Harley Jr.","0"
"Vernon Hargreaves III","7"
"Javon Hargrave","7"
"JaQuan Hardy","1"
"Daniel Hardy","0"
"Mecole Hardman","4"
"Justin Hardee","6"
"Will Harris","4"
"Josh Harris","11"
"Jake Hanson","2"
"Aaron Hansford","0"
"Matt Hankins","0"
"Johnathan Hankins","10"
"Harrison Hand","3"
"Da'Shawn Hand","5"
"Blake Hance","2"
"Josh Hammond","1"
"Damar Hamlin","2"
"K.J. Hamler","3"
"Shaun Dion Hamilton","5"
"Ladarius Hamilton","2"
"Kyle Hamilton","0"
"Justin Hamilton","6"
"Elijah Hamilton","0"
"Devery Hamilton","1"
"DaVon Hamilton","3"
"DaeSean Hamilton","5"
"Arlington Hambright","2"
"C.J. Ham","6"
"Marvin Hall","5"
"Logan Hall","0"
"Kemon Hall","2"
"Justin Hall","0"
"Terez Hall","3"
"Nate Hall","2"
"Jeremiah Hall","0"
"Darren Hall","2"
"Bryce Hall","3"
"Breece Hall","0"
"Grant Haley","3"
"Lirim Hajrullahu","1"
"Troy Hairston","0"
"Nate Hairston","6"
"Robert Hainsey","2"
"Javon Hagan","1"
"Devin Hafford","0"
"Joe Haeg","7"
"Joe Haden","13"
"Matt Haack","6"
"Ryan Izzo","4"
"Joel Iyiegbuniwe","5"
"Dan Isom","0"
"Keith Ismael","3"
"Danny Isidora","4"
"Andy Isabella","4"
"Trenton Irwin","2"
"Bruce Irvin","11"
"Matthew Ioannidis","7"
"Melvin Ingram","12"
"Mark Ingram","12"
"Keaontay Ingram","0"
"Ja'Marcus Ingram","0"
"Ed Ingram","0"
"Alec Ingold","4"
"Richie Incognito","15"
"Godwin Igwebuike","3"
"Noah Igbinoghene","3"
"Germain Ifedi","7"
"Kyle Juszczyk","10"
"Cam Jurgens","0"
"Gregory Junior","0"
"Jake Julien","0"
"Matt Judon","7"
"Lamarcus Joyner","9"
"Sebastian Joseph-Day","5"
"Michael Joseph","2"
"Linval Joseph","13"
"Kerby Joseph","0"
"Kelvin Joseph","2"
"Karl Joseph","6"
"Greg Joseph","3"
"Daniel Joseph","0"
"Mike Jordan","4"
"Cameron Jordan","12"
"Brevin Jordan","2"
"Jaryd Jones-Smith","1"
"Velus Jones","0"
"Patrick Jones II","2"
"Xavier Jones","3"
"Travis Jones","0"
"Tony Jones","2"
"Tim Jones","1"
"Taiwan Jones","12"
"Sidney Jones","5"
"Shermari Jones","0"
"Ronald Jones","5"
"Robert Jones","2"
"Julio Jones","12"
"Naquan Jones","2"
"Marvin Jones","11"
"Marcus Jones","0"
"Manny Jones","0"
"Mac Jones","2"
"Vi Jones","0"
"Keandre Jones","1"
"Justin Jones","5"
"Josh Jones","3"
"Josh Jones","6"
"Joe Jones","6"
"Jonathan Jones","7"
"Jaylon Jones","0"
"Jamir Jones","2"
"Jamarco Jones","5"
"Jack Jones","0"
"Zay Jones","6"
"Elijah Jones","0"
"Dre'Mont Jones","4"
"Deion Jones","7"
"D.J. Jones","6"
"DaQuan Jones","9"
"Daniel Jones","4"
"Chris Jones","7"
"Christian Jones","9"
"Chandler Jones","11"
"Caleb Jones","0"
"Byron Jones","8"
"Brett Jones","8"
"Braylon Jones","1"
"Braxton Jones","0"
"Brandon Jones","3"
"Benito Jones","2"
"Ben Jones","11"
"Aaron Jones","6"
"Kingsley Jonathan","0"
"Shaun Jolly","0"
"Clay Johnston","2"
"Cameron Johnston","5"
"Johnny Johnson III","0"
"Jermaine Johnson II","0"
"Zion Johnson","0"
"Raymond Johnson III","2"
"Zack Johnson","1"
"Willie Johnson","0"
"Tyron Johnson","3"
"Tyree Johnson","0"
"Tyler Johnson","3"
"Taron Johnson","5"
"Roderick Johnson","5"
"P.J. Johnson","1"
"Patrick Johnson","2"
"Lane Johnson","10"
"Kyron Johnson","0"
"Juwan Johnson","3"
"Josh Johnson","0"
"Josh Johnson","1"
"John Johnson","6"
"Jaylon Johnson","3"
"Jamar Johnson","2"
"Jaleel Johnson","6"
"Jakob Johnson","4"
"Jahmir Johnson","0"
"Eric Johnson","0"
"Dontae Johnson","9"
"D'Ernest Johnson","4"
"Deandre Johnson","0"
"David Johnson","8"
"Danny Johnson","5"
"Collin Johnson","3"
"Caleb Johnson","2"
"Cade Johnson","1"
"Buddy Johnson","2"
"Brian Johnson","2"
"Brandon Johnson","0"
"Austin Johnson","7"
"Aron Johnson","0"
"A.J. Johnson","5"
"Rysen John","2"
"Bisi Johnson","4"
"Fred Johnson","4"
"Lonnie Johnson","4"
"Ty Johnson","4"
"KeeSean Johnson","3"
"Diontae Johnson","4"
"Isaiah Johnson","3"
"Jaquan Johnson","4"
"Darryl Johnson","4"
"Duke Johnson","8"
"Josh Johnson","8"
"Joshua Jobe","0"
"Josey Jewell","5"
"Jerry Jeudy","3"
"Donovan Jeter","0"
"Ryan Jensen","9"
"Jauan Jennings","2"
"Gary Jennings","2"
"Anfernee Jennings","3"
"Teven Jenkins","2"
"Rayshawn Jenkins","6"
"Malcolm Jenkins","14"
"Jordan Jenkins","7"
"John Jenkins","10"
"Janoris Jenkins","11"
"Elgton Jenkins","4"
"Jalen Jelks","3"
"Van Jefferson","3"
"Tony Jefferson","9"
"Quinton Jefferson","7"
"Malik Jefferson","4"
"Justin Jefferson","3"
"Jermar Jefferson","2"
"Shemar Jean-Charles","2"
"Blake Jarwin","6"
"Kevin Jarvis","0"
"Grady Jarrett","8"
"J.J. Jansen","15"
"Andy Janovich","7"
"Tyshaun James","0"
"Richie James","5"
"Jesse James","8"
"Ja'Wuan James","7"
"Derwin James","5"
"Andre James","4"
"Natrell Jamerson","4"
"Brenden Jaimes","2"
"Michael Jacquet","2"
"Michael Jacobson","1"
"Jerry Jacobs","2"
"Josh Jacobs","4"
"Warren Jackson","1"
"Tyree Jackson","2"
"Trishton Jackson","2"
"Theo Jackson","0"
"Tarron Jackson","2"
"Storey Jackson","0"
"Robert Jackson","3"
"Malik Jackson","11"
"Lamar Jackson","5"
"Lamar Jackson","2"
"Kareem Jackson","13"
"Jordan Jackson","0"
"Jonah Jackson","3"
"J.C. Jackson","5"
"Gabe Jackson","9"
"Eddie Jackson","6"
"Drake Jackson","0"
"Drake Jackson","1"
"Donte Jackson","5"
"D'Marco Jackson","0"
"DeSean Jackson","15"
"Deon Jackson","2"
"Dane Jackson","3"
"Chris Jackson","3"
"Calvin Jackson","0"
"Austin Jackson","3"
"Alaric Jackson","2"
"Myles Jack","7"
"Joe Jackson","4"
"Mike Jackson","2"
"Nick Kwiatkoski","7"
"William Kwenkeu","0"
"Cooper Kupp","6"
"Christian Kuntz","2"
"Jordan Kunaszyk","4"
"Jake Kumerow","5"
"Lucas Krull","0"
"Erik Krommenhoek","0"
"Tyler Kroft","8"
"Casey Kreiter","7"
"Doug Kramer","0"
"Tommy Kraemer","2"
"Tanoh Kpassagnon","6"
"J.J. Koski","1"
"Travis Koontz","0"
"Malcolm Koonce","2"
"Younghoe Koo","4"
"Jonathan Kongbo","1"
"Jeremiah Kolone","1"
"Charlie Kolar","0"
"Kader Kohou","0"
"Jack Koerner","0"
"Sam Koch","17"
"Bryant Koback","0"
"Dawson Knox","4"
"Brenden Knox","1"
"Bam Knight","0"
"Qwuantrezz Knight","0"
"Cole Kmet","3"
"A.J. Klein","10"
"George Kittle","6"
"Micah Kiser","5"
"Christian Kirksey","9"
"Jontre Kirklin","0"
"Luther Kirk","1"
"Christian Kirk","5"
"Mason Kinsey","1"
"Darian Kinnard","0"
"Javon Kinlaw","3"
"Kevin King","6"
"Desmond King","6"
"D'Eriq King","0"
"Brandon King","8"
"Solomon Kindley","3"
"Adrian Killins Jr.","2"
"Miles Killebrew","7"
"Ko Kieft","0"
"Lewis Kidd","0"
"Bopete Keyes","3"
"Devon Key","1"
"Arden Key","5"
"Derek Kerstetter","0"
"Ryan Kerrigan","12"
"Zach Kerr","9"
"Brett Kern","15"
"Tom Kennedy","2"
"Devon Kennard","9"
"Eric Kendricks","8"
"Derion Kendrick","0"
"Marcus Kemp","5"
"Brandon Kemp","2"
"Xavier Kelly","2"
"Silas Kelly","0"
"Derrick Kelly","2"
"Dennis Kelly","11"
"Joshua Kelley","3"
"Cole Kelley","0"
"Senio Kelemete","10"
"Travis Kelce","10"
"Jason Kelce","12"
"Kingsley Keke","4"
"Case Keenum","10"
"Dalton Keene","3"
"Jayron Kearse","8"
"Damontae Kazee","6"
"Kevin Kassis","0"
"Ted Karras","7"
"George Karlaftis","0"
"Khalid Kareem","3"
"Kekaula Kaniho","0"
"Hunter Kampmoyer","1"
"Azur Kamara","3"
"Alvin Kamara","6"
"Joshua Kalu","4"
"Nikola Kalinic","1"
"Joshua Kaindoh","2"
"James Lynch","3"
"Blake Lynch","2"
"Frankie Luvu","5"
"Wil Lutz","7"
"Jake Luton","2"
"Jesse Luketa","0"
"Cornelius Lucas","8"
"Chase Lucas","0"
"Abraham Lucas","0"
"Dean Lowry","7"
"Vederian Lowe","0"
"Duron Lowe","0"
"John Lovett","0"
"John Lovett","2"
"Mike Love","2"
"Julian Love","4"
"Jordan Love","3"
"Rick Lovato","6"
"Isaiahh Loudermilk","2"
"Star Lotulelei","9"
"Roy Lopez","2"
"Ty Long","4"
"Kyle Long","8"
"Hunter Long","2"
"Greg Long","0"
"David Long","4"
"David Long","4"
"LaCale London","1"
"Drake London","0"
"Glen Logan","0"
"Tyler Lockett","8"
"Drew Lock","4"
"P.J. Locke","3"
"Devin Lloyd","0"
"Damon Lloyd","2"
"Henry Litwin","0"
"Cory Littleton","7"
"Walker Little","2"
"Greg Little","4"
"Corey Linsley","9"
"Chris Lindstrom","4"
"Alec Lindstrom","0"
"Phillip Lindsay","5"
"Tyler Linderbaum","0"
"Brandon Linder","9"
"Talolo Limu-Jones","0"
"Isaiah Likely","0"
"Zane Lewis","2"
"Tyquan Lewis","5"
"Terrell Lewis","3"
"Marcedes Lewis","17"
"Levi Lewis","0"
"Jourdan Lewis","6"
"Donnie Lewis","1"
"Damien Lewis","3"
"Cam Lewis","3"
"Brandon Lewis","0"
"Brian Lewerke","1"
"Taylor Lewan","9"
"Anthony Levine","11"
"Corey Levin","4"
"Nick Leverett","2"
"Pier-Olivier Lestage","1"
"Rick Leonard","1"
"Deane Leonard","0"
"Darius Leonard","5"
"Matt Leo","1"
"Landon Lenoir","0"
"Charles Leno Jr.","9"
"Brayden Lenius","1"
"Jessie Lemonier","3"
"Shane Lemieux","3"
"John Leglue","2"
"Marquel Lee","3"
"Elijah Lee","6"
"Andy Lee","19"
"Jonathan Ledbetter","2"
"Jeremiah Ledbetter","2"
"Richard LeCounte III","2"
"Cre'von LeBlanc","6"
"Dallin Leavitt","4"
"Alex Leatherwood","2"
"DeMarvin Leal","0"
"Allen Lazard","4"
"Raheem Layne","0"
"Justin Layne","4"
"Shaq Lawson","7"
"Nevin Lawson","9"
"Carl Lawson","6"
"Trevor Lawrence","2"
"Rashard Lawrence","3"
"Dexter Lawrence","4"
"Demarcus Lawrence","9"
"Justin Lawler","4"
"Nolan Laufenberg","1"
"Marshon Lattimore","6"
"Kwamie Lassiter II","0"
"Tyler Larsen","7"
"Austin Larkin","2"
"Harvey Langi","5"
"Jarvis Landry","9"
"Harold Landry","5"
"Nate Landman","0"
"Trey Lance","2"
"Tyler Lancaster","5"
"Forrest Lamp","5"
"Chris Lammons","3"
"Kendall Lamm","8"
"CeeDee Lamb","3"
"Niko Lalos","2"
"Quentin Lake","0"
"Patrick Laird","4"
"Alexander Myres","1"
"Josh Myers","2"
"Jason Myers","8"
"Chris Myarick","2"
"Netane Muti","3"
"Sam Mustipher","3"
"Tanner Muse","3"
"Nick Muse","0"
"Latavius Murray","10"
"Kyler Murray","4"
"Justin Murray","5"
"James Murray","3"
"Eric Murray","7"
"Kenneth Murray","3"
"Bill Murray","1"
"Byron Murphy","4"
"Kyle Murphy","3"
"Brandon Murphy","0"
"Larrell Murchison","3"
"Calvin Munson","4"
"Thayer Munford Jr.","0"
"Johnny Mundt","5"
"Chad Muma","0"
"Nick Mullens","4"
"Trayvon Mullen","4"
"Israel Mukuamu","2"
"Al-Quadin Muhammad","6"
"T.D. Moultry","0"
"Taylor Moton","6"
"Parnell Motley","2"
"Raheem Mostert","8"
"Zack Moss","3"
"Thaddeus Moss","2"
"Jordan Mosley","0"
"C.J. Mosley","8"
"Morgan Moses","9"
"Quandre Mosely","0"
"Emmanuel Moseley","5"
"Arron Mosby","0"
"Thomas Morstead","14"
"Mitch Morse","8"
"Jimmy Morrissey","2"
"Malkelm Morrison","0"
"Quintin Morris","1"
"Stanley Morgan","4"
"James Morgan","2"
"Grant Morgan","0"
"Jimmy Moreland","4"
"Foster Moreau","4"
"Fabian Moreau","6"
"Dan Moore Jr.","2"
"Tarvarius Moore","5"
"Skyy Moore","0"
"Skai Moore","3"
"Rondale Moore","2"
"Kenny Moore II","6"
"Nick Moore","2"
"Jaylon Moore","2"
"Jaylon Moore","1"
"Jason Moore","3"
"George Moore","0"
"D.J. Moore","5"
"David Moore","1"
"David Moore","5"
"C.J. Moore","4"
"Chris Moore","7"
"Briley Moore-McKinney","2"
"A.J. Moore","5"
"Darnell Mooney","3"
"Jeremiah Moon","0"
"Ty Montgomery","8"
"D.J. Montgomery","2"
"David Montgomery","4"
"Steven Montez","1"
"Bryan Mone","3"
"Henry Mondeaux","3"
"Smoke Monday","0"
"Kellen Mond","2"
"JJ Molson","1"
"Alex Mollette","0"
"Elijah Molden","2"
"Jovante Moffatt","2"
"Tre'von Moehrig","2"
"David Moa","1"
"Joe Mixon","6"
"Zaire Mitchell-Paden","0"
"Terrance Mitchell","9"
"Myron Mitchell","1"
"Max Mitchell","0"
"John Mitchell","0"
"James Mitchell","0"
"Elijah Mitchell","2"
"Uchenna Nwosu","5"
"Kene Nwangwu","2"
"Rakeem Nunez-Roches","8"
"Ty Nsekhe","8"
"Dion Novil","0"
"Bryce Notree","0"
"Joe Noteboom","5"
"Andrew Norwell","9"
"Storm Norton","3"
"Jared Norris","6"
"Josh Norman","11"
"Quinn Nordin","2"
"Desmond Noel","0"
"Derrick Nnadi","5"
"Robert Nkemdiche","5"
"Elijah Nkansah","1"
"David Njoku","6"
"Cameron Nizialek","2"
"Tre Nixon","1"
"Keisean Nixon","4"
"Daviyon Nixon","2"
"Hunter Niswander","3"
"Yosh Nijman","3"
"Michael Niese","0"
"Nick Niemann","2"
"Ben Niemann","5"
"Parry Nickerson","4"
"Hardy Nickerson","6"
"Rayshad Nichols","0"
"Bilal Nichols","5"
"Lucas Niang","2"
"Yannick Ngakoue","7"
"Cam Newton","12"
"Greg Newsome II","2"
"Dazz Newsome","1"
"Xavier Newman-Johnson","0"
"Royce Newman","2"
"Ryan Neuzil","1"
"Steven Nelson","8"
"Scott Nelson","0"
"Quenton Nelson","5"
"Nick Nelson","3"
"Matt Nelson","3"
"Anthony Nelson","4"
"Nik Needham","4"
"Siran Neal","5"
"Ryan Neal","3"
"Lorenzo Neal","1"
"Keanu Neal","7"
"Evan Neal","0"
"Haggai Ndubuisi","0"
"Carl Nassib","7"
"Hamsah Nasirildeen","2"
"Ryan Nall","4"
"Jalen Nailor","0"
"Chris Naggar","1"
"Kai Nacua","3"
"Gabe Nabers","3"
"Joe Ozougwu","0"
"Devine Ozigbo","4"
"Ayo Oyelola","0"
"Jeremiah Owusu-Koramoah","2"
"Jonathan Owens","4"
"Chris Owens","0"
"Tanner Owen","0"
"Matt Overton","10"
"Cade Otton","0"
"Esezi Otomewo","0"
"Joe Ostman","3"
"Joseph Ossai","2"
"James O'Shaughnessy","8"
"K.J. Osborn","3"
"Matthew Orzech","3"
"Amani Oruwariye","4"
"Antonio Ortiz","0"
"Kareem Orr","2"
"Nate Orchard","6"
"Sua Opeta","3"
"David Onyemata","7"
"Levi Onwuzurike","2"
"Patrick Onwuasor","7"
"Mike Onwenu","3"
"Joshua Onujiogu","0"
"Brian O'Neill","5"
"Leon O'Neal","0"
"Charles Omenihu","4"
"Foye Oluokun","5"
"Segun Olubi","0"
"Gunner Olszewski","4"
"Sewo Olonilua","2"
"Qadree Ollison","4"
"Josh Oliver","4"
"Isaiah Oliver","5"
"Ed Oliver","4"
"Chris Olave","0"
"Bam Olaseni","0"
"Chris Oladokun","0"
"Albert Okwuegbunam","3"
"Romeo Okwara","7"
"Jeff Okudah","3"
"Sam Okuayinonu","0"
"Obo Okoronkwo","5"
"Chukwuma Okorafor","5"
"Chigoziem Okonkwo","0"
"Bobby Okereke","4"
"Denzel Okafor","0"
"Alex Okafor","10"
"Azeez Ojulari","2"
"Michael Ojemudia","3"
"David Ojabo","0"
"Larry Ogunjobi","6"
"Adetokunbo Ogundeji","2"
"Dare Ogunbowale","4"
"Andrew Ogletree","0"
"Alec Ogletree","9"
"Kehinde Oginni","0"
"Cedric Ogbuehi","8"
"Otito Ogbonnia","0"
"Amen Ogbongbemiga","2"
"Emmanuel Ogbah","7"
"George Odum","5"
"Carter O'Donnell","1"
"Osa Odighizuwa","2"
"Dayo Odeyingbo","2"
"Ifeadi Odenigbo","5"
"Adedayo Odeleye","0"
"Dorian O'Daniel","5"
"Pat O'Connor","4"
"Zein Obeid","0"
"Efe Obada","5"
"Jomal Wiltz","4"
"Hauati Pututau","0"
"Mike Purcell","7"
"Justin Pugh","10"
"Matt Pryor","5"
"Kendric Pryor","0"
"Isaiah Pryor","0"
"Gene Pryor","0"
"MyCole Pruitt","7"
"Blake Proehl","2"
"Austin Proehl","1"
"James Proche","3"
"Byron Pringle","5"
"Isaiah Prince","3"
"Gerrit Prince","0"
"Malcolm Pridgeon","1"
"Troy Pride","3"
"D'vonte Price","0"
"Bobby Price","3"
"Billy Price","5"
"Willington Previlon","1"
"Dak Prescott","7"
"Adam Prentice","2"
"Germaine Pratt","4"
"Matt Prater","16"
"Jordan Poyer","10"
"Ben Powers","4"
"Cornell Powell","1"
"Brandon Powell","5"
"Benning Potoa'e","1"
"Elijah Ponder","1"
"Makai Polk","0"
"Tony Poljan","1"
"Isaiah Pola-Mao","0"
"Jason Poe","0"
"Ethan Pocic","6"
"Austen Pleasants","1"
"Sandro Platzgummer","1"
"Carlins Platel","0"
"Lafayette Pitts","4"
"Kyle Pitts","2"
"Michael Pittman","3"
"Anthony Pittman","2"
"Jalen Pitre","0"
"Max Pircher","1"
"Trey Pipkins","4"
"Danny Pinter","3"
"Jason Pinnock","2"
"Jared Pinkney","1"
"Bradley Pinion","8"
"Kalil Pimpleton","0"
"Ross Pierschbacher","2"
"Jason Pierre-Paul","13"
"Kevin Pierre-Louis","9"
"James Pierre","3"
"Michael Pierce","6"
"Dameon Pierce","0"
"Chris Pierce","0"
"Alec Pierce","0"
"Kenny Pickett","0"
"George Pickens","0"
"Darius Philon","5"
"Tyre Phillips","3"
"Scottie Phillips","3"
"Kyle Phillips","4"
"Jordan Phillips","8"
"Jaelan Phillips","2"
"Jacob Phillips","3"
"Harrison Phillips","5"
"Del'Shawn Phillips","3"
"Darius Phillips","5"
"Adrian Phillips","8"
"Kyle Philips","0"
"Dante Pettis","5"
"Jamal Pettigrew","0"
"Ben Petrula","0"
"Nicholas Petit-Frere","0"
"Patrick Peterson","12"
"Marcus Peters","8"
"Jason Peters","19"
"Corey Peters","13"
"Brandon Peters","0"
"Nathan Peterman","6"
"Ricky Person","0"
"Denzel Perryman","8"
"Roderick Perry II","0"
"Malcolm Perry","3"
"E.J. Perry","0"
"Breshad Perriman","8"
"Ronnie Perkins","2"
"Bryce Perkins","2"
"Samaje Perine","6"
"La'Mical Perine","3"
"Jabrill Peppers","6"
"Taybor Pepper","5"
"Donovan Peoples-Jones","3"
"Rashaad Penny","5"
"Elijhaa Penny","6"
"Trevor Penning","0"
"Mike Pennel","9"
"John Penisini","3"
"Jayden Peevy","0"
"Josh Pederson","1"
"Andrus Peat","8"
"Matt Peart","3"
"JaVonta Payton","0"
"Daron Payne","5"
"Kwity Paye","2"
"Neil Pau'u","0"
"Chris Paul","0"
"Riley Patterson","2"
"Jaret Patterson","2"
"Cordarrelle Patterson","10"
"Tim Patrick","5"
"Natrez Patrick","4"
"Lucas Patrick","6"
"Dezmon Patmon","3"
"Joshua Paschal","0"
"Zach Pascal","5"
"Micah Parsons","2"
"Timon Parris","1"
"Will Parks","7"
"Colby Parkinson","3"
"Steven Parker","4"
"Brandon Parker","5"
"AJ Parker","2"
"Aaron Parker","1"
"Dylan Parham","0"
"Dylan Parham","0"
"Donald Parham","3"
"Andrew Parchment","0"
"Matt Paradis","8"
"Adam Pankey","4"
"Mike Panasiuk","2"
"Jacub Panasiuk","0"
"Josh Palmer","2"
"Michael Palardy","6"
"Isiah Pacheco","0"
"Teagan Quitoriano","0"
"Trey Quinn","3"
"Robert Quinn","12"
"Scott Quessenberry","5"
"Paul Quessenberry","1"
"David Quessenberry","4"
"Patrick Queen","3"
"Shaquille Quarterman","3"
"Brandon Rusnak","3"
"Brett Rypien","3"
"Matt Ryan","15"
"Logan Ryan","10"
"Liam Ryan","0"
"Kody Russey","0"
"KeiVarae Russell","4"
"Chapelle Russell","3"
"Anthony Rush","4"
"Andrew Rupcich","0"
"Jon Runyan","3"
"Chris Rumph II","2"
"Cesar Ruiz","3"
"Mason Rudolph","5"
"Jeremy Ruckert","0"
"Christian Rozeboom","2"
"Bravvion Roy","3"
"Eric Rowe","8"
"Greg Rousseau","2"
"Chase Roullier","6"
"Bunmi Rotimi","2"
"Justyn Ross","0"
"Josh Ross","0"
"John Ross","6"
"D'Angelo Ross","2"
"Josh Rosen","4"
"Mike Rose","0"
"A.J. Rose","1"
"Aldrick Rosas","5"
"Jordan Roos","3"
"John Parker Romo","0"
"Chester Rogers","6"
"Armani Rogers","0"
"Malcolm Rodriguez","0"
"Richard Rodgers","7"
"Isaiah Rodgers","3"
"Bryce Rodgers","0"
"Amari Rodgers","2"
"Aaron Rodgers","18"
"Robert Rochell","2"
"Isaac Rochell","5"
"Quincy Roche","2"
"Bradley Roby","9"
"Brian Robinson","0"
"Reggie Robinson II","3"
"Wan'Dale Robinson","0"
"Tyrese Robinson","0"
"Stephon Robinson","0"
"Rashard Robinson","6"
"Mark Robinson","0"
"Kenny Robinson","3"
"Janarius Robinson","2"
"James Robinson","3"
"Dominique Robinson","0"
"Demarcus Robinson","7"
"Curtis Robinson","2"
"Cam Robinson","6"
"A'Shawn Robinson","7"
"Alton Robinson","3"
"Allen Robinson","9"
"Aaron Robinson","2"
"Roy Robertson-Harris","6"
"Demetris Robertson","0"
"Amik Robertson","3"
"Sam Roberts","0"
"Elandon Roberts","7"
"Darryl Roberts","8"
"Andre Roberts","13"
"Reggie Roberson Jr.","0"
"Jaquarii Roberson","0"
"Derick Roberson","4"
"Malcolm Roach","3"
"Ronnie Rivers","0"
"Derek Rivers","6"
"Chauncey Rivers","2"
"Josh Rivas","0"
"Christian Ringo","5"
"Elijah Riley","2"
"Duke Riley","6"
"Curtis Riley","8"
"Justin Rigg","0"
"Calvin Ridley","5"
"Hassan Ridgeway","7"
"Desmond Ridder","0"
"Will Richardson","5"
"Sheldon Richardson","10"
"Jalen Richard","7"
"Monty Rice","2"
"Giovanni Ricci","2"
"Patrick Ricard","6"
"Forrest Rhyne","0"
"Sean Rhyan","0"
"Xavier Rhodes","10"
"Luke Rhodes","6"
"Jon Rhattigan","2"
"Josh Reynolds","6"
"Craig Reynolds","1"
"Sammis Reyes","2"
"Hunter Renfrow","4"
"Mike Remmers","10"
"Ross Reiter","0"
"Austin Reiter","7"
"Riley Reiff","11"
"Justin Reid","5"
"John Reid","3"
"Jalen Reeves-Maybin","6"
"Troy Reeder","4"
"Malik Reed","4"
"J.R. Reed","3"
"Joe Reed","2"
"Jarran Reed","7"
"D.J. Reed","5"
"Chris Reed","7"
"Sheldrick Redwine","4"
"Will Redmond","7"
"Haason Reddick","6"
"Jeremy Reaves","3"
"Jalen Reagor","3"
"D.J. Reader","7"
"Kalif Raymond","6"
"Wyatt Ray","2"
"LaBryan Ray","0"
"Hamilcar Rashed Jr.","1"
"Taylor Rapp","4"
"Sheldon Rankins","7"
"Randy Ramsey","3"
"Jalen Ramsey","7"
"Ryan Ramczyk","6"
"Charleston Rambo","0"
"Nick Ralston","1"
"John Raine","1"
"Bernhard Raimann","0"
"Frank Ragnow","5"
"Reggie Ragland","7"
"Trey Ragas","1"
"Dillon Radunz","2"
"Bookie Radley-Hiles","0"
"Kevin Rader","2"
"Ryan Switzer","5"
"Tre Swilling","0"
"D'Andre Swift","3"
"William Sweet","2"
"Tommy Sweeney","4"
"Montez Sweat","4"
"Josh Sweat","5"
"Freddie Swain","3"
"Geoff Swaim","8"
"Courtland Sutton","5"
"Corey Sutton","0"
"Cameron Sutton","6"
"Keaton Sutherland","3"
"Pat Surtain II","2"
"Chazz Surratt","2"
"Ty Summers","4"
"Stephen Sullivan","1"
"Elijah Sullivan","1"
"Chandon Sullivan","5"
"Ndamukong Suh","13"
"Nate Sudfeld","6"
"Ryan Succop","14"
"Andrew Stueber","0"
"Grant Stuard","2"
"Pierre Strong","0"
"Kevin Strong","4"
"Greg Stroman","4"
"Justin Strnad","3"
"Chris Streveler","3"
"Kentavius Street","4"
"Cole Strange","0"
"Mike Strachan","2"
"Connor Strachan","1"
"Jordan Stout","0"
"Dillon Stoner","2"
"Ryan Stonehouse","0"
"Geno Stone","3"
"Jack Stoll","2"
"LaRon Stokes","0"
"Eric Stokes","2"
"Luke Stocker","12"
"Benjamin St-Juste","2"
"Aaron Stinnie","5"
"Derek Stingley Jr.","0"
"Donovan Stiner","1"
"Easton Stick","4"
"Darius Stills","1"
"Ben Stille","0"
"Jarrett Stidham","3"
"M.J. Stewart","5"
"Grover Stewart","6"
"Tyarise Stevenson","0"
"Rhamondre Stevenson","2"
"Marquez Stevenson","2"
"JaCoby Stevens","1"
"Jerreth Sterns","0"
"Caden Sterns","2"
"Jace Sternberger","3"
"Tre Sterling","0"
"Linden Stephens","2"
"Brandon Stephens","2"
"Shamar Stephen","9"
"Logan Stenberg","3"
"Terence Steele","3"
"Chris Steele","0"
"Jordan Steckler","1"
"Equanimeous St. Brown","5"
"Amon-Ra St. Brown","2"
"Johnny Stanton","2"
"Ronnie Stanley","7"
"Nate Stanley","2"
"Julian Stanford","9"
"Taylor Stallworth","4"
"Matthew Stafford","14"
"Jeremy Sprinkle","6"
"Jason Spriggs","7"
"Isaiah Spiller","0"
"Robert Spillane","4"
"Marquiss Spencer","1"
"Diontae Spencer","4"
"Noah Spence","5"
"E.J. Speed","4"
"Baylon Spector","0"
"Quinton Spain","8"
"Jack Sorenson","0"
"Daniel Sorensen","9"
"Nate Solder","11"
"Matt Sokol","1"
"Josh Sokol","0"
"Jack Snyder","0"
"Charles Snowden","1"
"Benny Snell","4"
"L'Jarius Sneed","3"
"Tyler Snead","0"
"Durham Smythe","5"
"Dawuane Smoot","6"
"JuJu Smith-Schuster","6"
"Ihmir Smith-Marsette","2"
"Za'Darius Smith","8"
"Vyncint Smith","4"
"Tyron Smith","12"
"Tyreke Smith","0"
"Tye Smith","6"
"Tyler Smith","0"
"Tre'Quan Smith","5"
"Tremon Smith","5"
"T.J. Smith","1"
"Ryan Smith","7"
"Roquan Smith","5"
"Sutton Smith","2"
"Rashad Smith","2"
"Lecitus Smith","0"
"Lee Smith","12"
"Kobe Smith","1"
"Kion Smith","1"
"Keith Smith","9"
"Jordan Smith","2"
"Jonnu Smith","6"
"Jeff Smith","3"
"Jaylon Smith","6"
"Harrison Smith","11"
"Geno Smith","10"
"Elerson G. Smith","2"
"Donovan Smith","8"
"DeVonta Smith","2"
"D'Ante Smith","2"
"Chris Smith","8"
"Brandon Smith","0"
"Braden Smith","5"
"Abram Smith","0"
"Saivion Smith","2"
"Irv Smith","4"
"Kaden Smith","4"
"Andre Smith","5"
"Eric Smith","3"
"Jimmy Smith","12"
"Stone Smartt","0"
"Tanzel Smart","4"
"Jared Smart","0"
"Joey Slye","4"
"Sam Sloman","2"
"Darius Slay","10"
"Tedarrell Slaton","2"
"Darius Slayton","4"
"Chris Slayton","1"
"Rashawn Slater","2"
"Matthew Slater","15"
"Matt Skura","6"
"Justin Skule","4"
"Buster Skrine","12"
"Ben Skowronek","2"
"Tuzar Skipper","2"
"Dan Skipper","3"
"James Skalski","0"
"Arryn Siposs","2"
"Reid Sinnett","2"
"Alex Singleton","4"
"Devin Singletary","4"
"Steven Sims","3"
"Cam Sims","5"
"John Simpson","3"
"John Simon","10"
"Amon Simon","0"
"Lachavious Simmons","3"
"Justin Simmons","7"
"Jordan Simmons","5"
"Jeffery Simmons","4"
"Isaiah Simmons","3"
"Josh Sills","0"
"David Sills","2"
"Trevor Siemian","7"
"Zach Sieler","5"
"Trent Sieg","5"
"Caleb Shudak","0"
"Jamien Sherwood","2"
"Will Sherman","1"
"Richard Sherman","12"
"Trent Sherfield","5"
"Dakoda Shepley","2"
"Nathan Shepherd","5"
"Sterling Shepard","7"
"Laviska Shenault Jr.","3"
"Tyler Shelvin","2"
"Danny Shelton","8"
"Coleman Shelton","4"
"Duke Shelley","4"
"Brandon Shell","7"
"Ty Shelby","0"
"Kendall Sheffield","4"
"Tyler Shatley","9"
"Tajae Sharpe","7"
"David Sharpe","5"
"Liam Shanahan","0"
"Aaron Shampklin","0"
"Khalil Shakir","0"
"Adam Shaheen","6"
"Rashid Shaheed","0"
"Justin Shaffer","0"
"Kevin Shaa","0"
"Kevon Seymour","5"
"Kamaal Seymour","1"
"Mathew Sexton","1"
"Penei Sewell","2"
"Nephi Sewell","0"
"Isaac Seumalo","7"
"Tim Settle","5"
"Trey Sermon","2"
"Andrew Sendejo","12"
"Greg Senat","4"
"Deadrin Senat","5"
"Josh Seltzner","0"
"Austin Seibert","4"
"Brandon Sebastian","0"
"Ricky Seals-Jones","6"
"Vernon Scott","3"
"Trent Scott","5"
"Niles Scott","3"
"Josiah Scott","3"
"J.K. Scott","4"
"Jared Scott","0"
"Delontae Scott","1"
"Boston Scott","4"
"Nick Sciba","0"
"Wes Schweitzer","7"
"Derek Schweiger","0"
"Anthony Schwartz","2"
"Dalton Schultz","5"
"Brenden Schooler","0"
"Michael Schofield","9"
"Joe Schobert","7"
"Cole Schneider","0"
"Sam Schlueter","0"
"Austin Schlottmann","4"
"Brandon Scherff","8"
"Max Scharping","4"
"Savon Scarver","0"
"Brennan Scarlett","7"
"Tegray Scales","1"
"Patrick Scales","7"
"Darnell Savage","4"
"Khalen Saunders","4"
"C.J. Saunders","1"
"Eric Saubert","5"
"Mekhi Sargent","2"
"Foster Sarell","1"
"Mohamed Sanu","11"
"Marcus Santos-Silva","0"
"Ryan Santoso","1"
"Cairo Santos","8"
"Myjai Sanders","0"
"Jason Sanders","5"
"Emmanuel Sanders","13"
"Braylon Sanders","0"
"Miles Sanders","4"
"Rigoberto Sanchez","6"
"Jack Sanborn","0"
"Stanford Samuels","1"
"Jaylen Samuels","4"
"Asante Samuel Jr.","2"
"Deebo Samuel","4"
"Curtis Samuel","6"
"Drew Sample","4"
"Cameron Sample","2"
"Dru Samia","3"
"Jamaree Salyer","0"
"Jaylen Twyman","1"
"Shy Tuttle","4"
"Derrek Tuszka","3"
"Delarrin Turner-Yell","0"
"Trai Turner","9"
"Payton Turner","2"
"Nolan Turner","0"
"Malik Turner","5"
"Zeke Turner","5"
"DJ Turner","1"
"Cole Turner","0"
"Billy Turner","9"
"Kemoko Turay","5"
"Josh Tupou","5"
"Laremy Tunsil","7"
"Stephon Tuitt","9"
"Marlon Tuipulotu","2"
"Jacob Tuioti-Mariner","4"
"De'Montre Tuggle","0"
"Jay Tufele","2"
"Justin Tucker","11"
"Jordan Tucker","0"
"Joe Tryon-Shoyinka","2"
"Desmond Trufant","10"
"Mitchell Trubisky","6"
"Zach Triner","4"
"Danny Trevathan","11"
"JC Tretter","10"
"Tommy Tremble","2"
"Laquon Treadwell","5"
"Adam Trautman","3"
"Kyle Trask","2"
"Badara Traore","1"
"Drue Tranquill","4"
"Austin Trammell","1"
"Andrew Trainer","0"
"Tommy Townsend","3"
"Samori Toure","0"
"Jon Toth","2"
"Brett Toth","4"
"Casey Toohill","3"
"Robert Tonyan","5"
"Jake Tonges","0"
"Khyiris Tonga","2"
"Shaka Toney","2"
"Kadarius Toney","2"
"Cole Toner","5"
"Laken Tomlinson","8"
"Eric Tomlinson","7"
"Dalvin Tomlinson","6"
"Zach Tom","0"
"Khalan Tolson","0"
"Kevin Toliver","4"
"Jalen Tolbert","0"
"Travis Toivonen","1"
"Levine Toilolo","10"
"Tommy Togiai","2"
"Noah Togiai","2"
"Tariqious Tisdale","0"
"Channing Tindall","0"
"Jerry Tillery","4"
"Nick Thurman","2"
"Joe Thuney","7"
"Calvin Throckmorton","2"
"Tyquan Thornton","0"
"Trenton Thompson","0"
"Skylar Thompson","0"
"Josh Thompson","0"
"Jalen Thompson","4"
"Juan Thornhill","4"
"Darwin Thompson","3"
"Bryce Thompson","1"
"Deionte Thompson","4"
"Cody Thompson","1"
"Deven Thompkins","0"
"Stantley Thomas-Oliver","3"
"Zach Thomas","0"
"Tavierre Thomas","5"
"Solomon Thomas","6"
"Skyler Thomas","0"
"Rodney Thomas","0"
"Mike Thomas","7"
"Michael Thomas","9"
"Logan Thomas","8"
"Kiondre Thomas","1"
"Keir Thomas","0"
"Juanyeh Thomas","0"
"Josh Thomas","1"
"Jordan Thomas","3"
"Joe Thomas","8"
"Isaiah Thomas","0"
"Ian Thomas","5"
"DQ Thomas","0"
"Daniel Thomas","3"
"Cameron Thomas","0"
"Brayden Thomas","0"
"Andrew Thomas","3"
"Ambry Thomas","2"
"A.J. Thomas","0"
"Adam Thielen","9"
"Kayvon Thibodeaux","0"
"Sam Tevi","6"
"A.J. Terrell","3"
"Luke Tenuta","0"
"Wyatt Teller","5"
"Marvell Tell","2"
"Sam Tecklenburg","2"
"Roderic Teamer","3"
"Master Teague","0"
"Alex Tchangam","1"
"Isaac Taylor-Stuart","0"
"Cam Taylor-Britt","0"
"Vincent Taylor","6"
"Tyrod Taylor","12"
"Trent Taylor","5"
"Lane Taylor","10"
"Keith Taylor","2"
"Jullian Taylor","4"
"Jonathan Taylor","3"
"Jawaan Taylor","4"
"Ja'Sir Taylor","0"
"Devin Taylor","0"
"Demetrius Taylor","0"
"Davion Taylor","3"
"Darrell Taylor","2"
"Carson Taylor","0"
"Alontae Taylor","0"
"Alex Taylor","2"
"Jahlani Tavai","4"
"Charlie Taumoepeau","1"
"Marcus Tatum","0"
"Auden Tate","5"
"Teair Tart","3"
"Ryan Tannehill","11"
"Derrick Tangelo","0"
"Sione Takitaki","4"
"Myron Tagovailoa-Amosa","0"
"Tua Tagovailoa","3"
"Mika Tafua","0"
"Teez Tabor","4"
"C.J. Uzomah","8"
"Eyioma Uwazurike","0"
"Brent Urban","9"
"Will Ulmer","0"
"Oli Udoh","4"
"Josh Uche","3"
"Tyler Vrabel","0"
"Cordell Volson","0"
"Mark Vital","1"
"Jalen Virgil","0"
"Kary Vincent Jr.","2"
"Alejandro Villanueva","8"
"Kindle Vildor","3"
"Nick Vigil","7"
"Kendal Vickers","3"
"Jason Verrett","9"
"Seth Vernon","0"
"Jake Verity","1"
"David Vereen","0"
"C.J. Verdell","0"
"Alijah Vera-Tucker","2"
"Jordan Veasy","1"
"Vita Vea","5"
"James Vaughters","3"
"Tyler Vaughns","1"
"Ke'Shawn Vaughn","3"
"La'Kendrick Van Zandt","0"
"Zach VanValkenburg","0"
"Greg Van Roten","8"
"Kyle Van Noy","9"
"Nick Vannett","7"
"Cole Van Lanen","1"
"Andrew Van Ginkel","4"
"Leighton Vander Esch","5"
"Ryan Van Demark","0"
"Tanner Vallejo","6"
"Antonio Valentino","0"
"Josh Valentine-Turner","0"
"Marquez Valdes-Scantling","5"
"Halapoulivaati Vaitai","7"
"Isaiah Wynn","5"
"Andrew Wylie","5"
"Jalen Wydermyer","0"
"Devonte Wyatt","0"
"Willie Wright","1"
"Ryan Wright","0"
"Nahshon Wright","2"
"Matthew Wright","2"
"K.J. Wright","12"
"Kadofi Wright","0"
"Derek Wright","0"
"Brock Wright","2"
"Alex Wright","0"
"Renell Wren","3"
"Chris Wormley","6"
"Chandler Wooten","0"
"Tariq Woolen","0"
"Logan Woodside","3"
"Xavier Woods","6"
"Mike Woods","0"
"JT Woods","0"
"Josh Woods","4"
"Jelani Woods","0"
"Antwaun Woods","5"
"Al Woods","12"
"Jonathan Woodard","2"
"Zach Wood","6"
"D.J. Wonnum","3"
"Samuel Womack","0"
"John Wolford","3"
"Derek Wolfe","11"
"Ethan Wolf","1"
"Eli Wolf","1"
"Charlie Woerner","3"
"Ahkello Witherspoon","6"
"Mitch Wishnowsky","4"
"Deatrich Wise","6"
"Daniel Wise","2"
"Steven Wirtel","2"
"Tristan Wirfs","3"
"Jameis Winston","8"
"Ryan Winslow","1"
"Chase Winovich","4"
"Lujuan Winningham","0"
"Andrew Wingard","4"
"Perrion Winfrey","0"
"Juwann Winfree","3"
"Antoine Winfield Jr.","3"
"Rob Windsor","2"
"James Winchester","8"
"Javon Wims","4"
"Zach Wilson","2"
"Tavon Wilson","11"
"Russell Wilson","11"
"Quincy Wilson","6"
"Marvin Wilson","1"
"Marco Wilson","2"
"Logan Wilson","3"
"Mack Wilson","4"
"Jeff Wilson","5"
"Garrett Wilson","0"
"Eric Wilson","6"
"Eric Wilson","0"
"Damien Wilson","8"
"Ced Wilson","4"
"Brandon Wilson","6"
"Albert Wilson","8"
"Jedrick Wills","3"
"Malik Willis","0"
"Khari Willis","4"
"Jordan Willis","6"
"Chris Williamson","1"
"McKinley Williams III","0"
"Pooka Williams Jr.","1"
"Ty'Son Williams","2"
"Trill Williams","2"
"Trent Williams","12"
"Shawn Williams","10"
"Seth Williams","1"
"Sam Williams","0"
"Rodarius Williams","2"
"Raequan Williams","2"
"Quincy Williams","4"
"Damarion Williams","0"
"Nick Williams","8"
"Milton Williams","2"
"Maxx Williams","8"
"Marcus Williams","6"
"Leonard Williams","8"
"Lakiem Williams","1"
"Kyren Williams","0"
"K'Waun Williams","8"
"P.J. Williams","8"
"Jordan Williams","0"
"Jonah Williams","2"
"Jonathan Williams","6"
"Javonte Williams","2"
"Jarrid Williams","0"
"Jarren Williams","2"
"Jameson Williams","0"
"Jamaal Williams","6"
"Isaiah Williams","2"
"Devon Williams","0"
"DeShawn Williams","4"
"Deontai Williams","0"
"Denzel Williams","0"
"Daryl Williams","8"
"Darryl Williams","1"
"Darious Williams","5"
"Damien Williams","8"
"Connor Williams","5"
"Chris Williams","2"
"Trayveon Williams","4"
"Caesar Williams","0"
"Brandon Williams","10"
"Avery Williams","2"
"Antonio Williams","1"
"Jonah Williams","4"
"Donovan Wilson","4"
"Joejuan Williams","4"
"Quinnen Williams","4"
"Kenny Willekes","3"
"Elijah Wilkinson","6"
"Jordan Wilkins","5"
"Christian Wilkins","4"
"Kristian Wilkerson","1"
"Chuck Wiley","0"
"Rachad Wildgoose","2"
"Dexter Williams","2"
"Greedy Williams","4"
"Mitchell Wilcox","2"
"Chris Wilcox","1"
"Ray Wilborn","1"
"Kyle Wilber","10"
"Mike Williams","6"
"Cullen Wick","0"
"Andrew Whitworth","17"
"Jace Whittaker","1"
"Benton Whitley","0"
"Jordan Whitehead","5"
"Cody Whitehair","7"
"ZaQuandre White","0"
"Zamir White","0"
"Tre'Davious White","6"
"Devin White","4"
"Rachaad White","0"
"Mike White","4"
"Kyzir White","5"
"Kevin White","6"
"Javin White","2"
"James White","9"
"Drew White","0"
"Cody White","3"
"Tyrone Wheatley Jr.","1"
"Keric Wheatfall","0"
"Tershawn Wharton","3"
"Chris Westry","3"
"Isaiah Weston","0"
"Nick Westbrook-Ikhine","3"
"Dede Westbrook","6"
"Dohnovan West","0"
"Antoine Wesley","3"
"Trevon Wesco","4"
"Pete Werner","2"
"Carson Wentz","7"
"Josh Wells","8"
"David Wells","3"
"Carson Wells","0"
"Kristian Welch","3"
"Connor Wedington","1"
"Nsimba Webster","4"
"Tre Webb","0"
"Sam Webb","0"
"Raleigh Webb","0"
"Mark Webb","2"
"Marcus Webb","2"
"Davis Webb","3"
"Rashad Weaver","2"
"Isaac Weaver","0"
"Curtis Weaver","2"
"Stephen Weatherly","7"
"Sterling Weatherford","0"
"Trae Waynes","8"
"Tress Way","9"
"Bryce Watts","0"
"Armani Watts","5"
"Luke Wattenberg","0"
"T.J. Watt","6"
"J.J. Watt","12"
"Derek Watt","7"
"Leroy Watson","0"
"Armon Watts","4"
"Justin Watson","5"
"Josh Watson","3"
"Jaylen Watson","0"
"Deshaun Watson","6"
"Christian Watson","0"
"Austin Watkins Jr.","1"
"Sammy Watkins","9"
"Quez Watkins","3"
"Carlos Watkins","6"
"Scotty Washington","1"
"Montrell Washington","0"
"James Washington","5"
"Dwayne Washington","7"
"Charles Washington","6"
"Broderick Washington","3"
"Ar'Darius Washington","2"
"Nigel Warrior","2"
"Kahale Warring","3"
"Jaylen Warren","0"
"Troy Warner","1"
"Fred Warner","5"
"Tim Ward","3"
"Jonathan Ward","3"
"Jimmie Ward","9"
"Jihad Ward","7"
"Greg Ward","4"
"Denzel Ward","5"
"Charvarius Ward","5"
"Prince Tega Wanogho","2"
"Brandon Walton","1"
"Austin Walter","3"
"Garrett Walston","0"
"Garret Wallow","2"
"Jermaine Waller","0"
"Darren Waller","6"
"Tylan Wallace","2"
"K'Von Wallace","3"
"Kenneth Walker III","0"
"Tre Walker","0"
"Travon Walker","0"
"Tracy Walker III","5"
"Rasheed Walker","0"
"P.J. Walker","3"
"Mykal Walker","3"
"Joe Walker","7"
"DeMarcus Walker","6"
"Anthony Walker","6"
"Matt Waletzko","0"
"Corliss Waitman","1"
"Bobby Wagner","11"
"Shaun Wade","2"
"Christian Wade","1"
"Barrington Wade","1"
"Jaylen Waddle","2"
"Oshane Ximines","4"
"Michael Young Jr.","0"
"Landon Young","2"
"Kenny Young","5"
"Jordan Young","0"
"Dareke Young","0"
"Chase Young","3"
"Isaac Yiadom","5"
"Deon Yelder","4"
"Kenny Yeboah","2"
"Russ Yeast","0"
"Rock Ya-Sin","4"
"Tavon Young","7"
"Shane Zylstra","1"
"Jabari Zuniga","2"
"Greg Zuerlein","11"
"Justin Zimmer","4"
"Kevin Zeitler","11"
"Bailey Zappe","0"
"Nick Zakelj","0"
"Olamide Zaccheaus","4"
